[{"id":14,"title":"Chi\u1ebfn \u0110\u1ed9i B\u00e1ch Th\u00fa Gaoranger","thoiluong":"24 ph\u00fat\/t\u1eadp","trailer":null,"slug":"chien-doi-bach-thu-gaoranger","description":"1000 n\u0103m tr\u01b0\u1edbc, Org - gi\u1ed1ng n\u00f2i \u00e1c qu\u1ef7 sinh ra t\u1eeb s\u1ef1 \u0111au kh\u1ed5 v\u00e0 ti\u00eau c\u1ef1c c\u1ee7a con ng\u01b0\u1eddi tr\u1ed7i d\u1eady, \u00e2m m\u01b0u ph\u00e1 hu\u1ef7 th\u1ebf gi\u1edbi, nh\u01b0ng b\u1ecb \u0111\u00e1nh b\u1ea1i b\u1edbi c\u00e1c chi\u1ebfn binh Gao c\u1ed5 x\u01b0a, v\u1edbi s\u1ef1 gi\u00fap \u0111\u1ee1 c\u1ee7a GaoGod, Ph\u00e1p s\u01b0 Murasaki v\u00e0 c\u00e1c Si\u00eau Th\u00fa. Nh\u01b0ng c\u00e1c Highness Duke Org (\u30cf\u30a4\u30cd\u30b9\u30c7\u30e5\u30fc\u30af\u30aa\u30eb\u30b0 Hainesu D\u016bku Orugu?) k\u1ebft h\u1ee3p l\u1ea1i, t\u1ea1o th\u00e0nh Hyakkimaru (B\u00e1ch Qu\u1ef7 Ho\u00e0n) - vua Org v\u1edbi s\u1ee9c m\u1ea1nh h\u1ee7y di\u1ec7t, v\u00e0 GaoGod \u0111\u00e3 b\u1ecb h\u1eafn \u0111\u00e1nh b\u1ea1i. Tr\u01b0\u1edbc t\u00ecnh c\u1ea3nh \u0111\u00f3, m\u1ed9t chi\u1ebfn binh Gao l\u00e0 Shirogane s\u1eed d\u1ee5ng M\u1eb7t n\u1ea1 S\u00f3i \u0111en, tri\u1ec7u h\u1ed3i s\u1ee9c m\u1ea1nh \u00e1c qu\u1ef7, v\u00e0 \u0111\u00e1nh b\u1ea1i Hyakkimaru. Nh\u01b0ng th\u1ec3 x\u00e1c v\u00e0 t\u00e2m tr\u00ed anh b\u1ecb t\u00e0 kh\u00ed t\u1eeb chi\u1ebfc m\u1eb7t n\u1ea1 thao t\u00fang, bi\u1ebfn anh th\u00e0nh Duke Org - Rouki. Anh \u0111\u00e3 c\u1ea7u xin \u0111\u1ed3ng \u0111\u1ed9i phong \u1ea5n m\u00ecnh l\u1ea1i. Th\u1ebf gi\u1edbi t\u1eeb \u0111\u00f3 y\u00ean b\u00ecnh tr\u1edf l\u1ea1i.\r\n\r\n1000 n\u0103m sau, Org l\u1ea1i tr\u1ed7i d\u1eady, v\u00e0 5 chi\u1ebfn binh \u0111\u01b0\u1ee3c l\u1ef1a ch\u1ecdn b\u1edfi c\u00e1c Si\u00eau Th\u00fa \u1edf th\u1eddi hi\u1ec7n \u0111\u1ea1i ph\u1ea3i t\u1eeb b\u1ecf cu\u1ed9c s\u1ed1ng hi\u1ec7n t\u1ea1i \u0111\u1ec3 ch\u1ed1ng l\u1ea1i ch\u00fang d\u01b0\u1edbi c\u00e1i t\u00ean Chi\u1ebfn \u0111\u1ed9i b\u00e1ch th\u00fa Gaoranger.","tags":null,"status":1,"image":"hyakujuu-sentai-gaoranger-dvd-collection-vol-2-68368566.webp","category_id":4,"thuocphim":"phimbo","genre_id":2,"country_id":5,"phim_hot":1,"resolution":1,"name_eng":"Hyakujuu Sentai Gaoranger (2001)","subtitle":1,"ngaytao":"2023-07-24 09:14:39","ngaycapnhat":"2023-08-05 09:16:28","year":"2001","topview":1,"season":"0","sotap":51,"episode_count":4,"category":{"id":4,"title":"Phim b\u1ed9","description":"Phim b\u1ed9 c\u1eadp nh\u1eadt h\u1eb1ng ng\u00e0y","status":1,"slug":"phim-bo","position":2},"movie_genre":[{"id":2,"title":"H\u00e0nh \u0110\u1ed9ng","description":"H\u00e0nh \u0111\u1ed9ng c\u1eadp nh\u1eadt th\u01b0\u1eddng xuy\u00ean","status":1,"slug":"hanh-dong","pivot":{"movie_id":14,"genre_id":2}},{"id":4,"title":"Ho\u1ea1t H\u00ecnh","description":"Ho\u1ea1t h\u00ecnh m\u1edbi c\u1eadp nh\u1eadt h\u1eb1ng ng\u00e0y","status":1,"slug":"hoat-hinh","pivot":{"movie_id":14,"genre_id":4}},{"id":17,"title":"Vi\u1ec5n T\u01b0\u1edfng","description":"Vi\u1ec5n T\u01b0\u1edfng C\u1eadp Nh\u1eadt Th\u01b0\u1eddng Xuy\u00ean","status":1,"slug":"vien-tuong","pivot":{"movie_id":14,"genre_id":17}},{"id":18,"title":"Ph\u01b0u L\u01b0u","description":"Ph\u01b0u L\u01b0u C\u1eadp Nh\u1eadt Th\u01b0\u1eddng Xuy\u00ean","status":1,"slug":"phuu-luu","pivot":{"movie_id":14,"genre_id":18}},{"id":22,"title":"Th\u1ea7n Tho\u1ea1i","description":"Th\u1ea7n Tho\u1ea1i C\u1eadp Nh\u1eadt Th\u01b0\u1eddng Xuy\u00ean","status":1,"slug":"than-thoai","pivot":{"movie_id":14,"genre_id":22}}],"country":{"id":5,"title":"Nh\u1eadt B\u1ea3n","description":"Nh\u1eadt B\u1ea3n c\u1eadp nh\u1eadt h\u1eb1ng ng\u00e0y","status":1,"slug":"nhat-ban"},"genre":{"id":2,"title":"H\u00e0nh \u0110\u1ed9ng","description":"H\u00e0nh \u0111\u1ed9ng c\u1eadp nh\u1eadt th\u01b0\u1eddng xuy\u00ean","status":1,"slug":"hanh-dong"}},{"id":11,"title":"GI\u00c0 THI\u00caN: V\u00d9NG C\u1ea4M (VIETSUB)","thoiluong":"87 Ph\u00fat","trailer":null,"slug":"gia-thien-vung-cam-vietsub","description":"B\u1ea7u tr\u1eddi giao h\u00f2a, hi\u1ec7n t\u01b0\u1ee3ng k\u1ef3 l\u1ea1 xu\u1ea5t hi\u1ec7n, trong v\u0169 tr\u1ee5, ch\u00edn con r\u1ed3ng k\u00e9o chi\u1ebfc quan kh\u1ed5ng l\u1ed3 b\u1eb1ng \u0111\u1ed3ng ng\u1ecdc l\u01b0\u1edbt qua v\u00f9ng sao B\u1eafc \u0110\u1ea9u, v\u00e0 \u0111\u1ecba \u0111i\u1ec3m c\u1ea5m k\u1ef5 c\u1ee7a cu\u1ed9c s\u1ed1ng, h\u00f2n \u0111\u1ea3o Ch\u00f4n Thi\u00ean xu\u1ea5t hi\u1ec7n. Ng\u01b0\u1eddi ta \u0111\u1ed3n r\u1eb1ng tr\u00ean h\u00f2n \u0111\u1ea3o Ch\u00f4n Thi\u00ean \u1ea9n ch\u1ee9a kho b\u00e1u c\u1ee7a \u0111\u1ebf quy\u1ec1n, c\u00f3 th\u1ec3 gi\u00fap c\u00e1c v\u00f5 s\u0129 n\u00e2ng cao \u0111\u00e1ng k\u1ec3 th\u1ef1c l\u1ef1c c\u1ee7a h\u1ecd. C\u00e1c m\u00f4n ph\u00e1i l\u1edbn v\u00e0 c\u00e1c h\u00e0nh h\u01b0\u01a1ng t\u1ea1i v\u00f9ng sao B\u1eafc \u0110\u1ea9u \u0111\u1ec1u t\u1ee5 h\u1ecdp t\u1ea1i Thi\u00ean \u0110\u00ecnh V\u1ecbnh Tr\u1eddi \u0111\u1ec3 l\u00ean \u0111\u1ea3o t\u00ecm b\u00e1u v\u1eadt, trong \u0111\u00f3 c\u00f3 m\u1ed9t ng\u01b0\u1eddi tr\u1ebb m\u1ed3 c\u00f4i t\u00ean l\u00e0 H\u01b0 Kh\u00f4ng. H\u01b0 Kh\u00f4ng t\u1eeb nh\u1ecf \u0111\u00e3 \u0111\u01b0\u1ee3c ng\u01b0\u1eddi s\u01b0 ph\u1ee5 nh\u1eadn nu\u00f4i \u1edf T\u00f2ng L\u00e2u, s\u01b0 ph\u1ee5 nh\u1eadn th\u1ea5y t\u00e0i n\u0103ng \u0111\u1eb7c bi\u1ec7t c\u1ee7a c\u1eadu n\u00ean \u0111\u00e3 tr\u1ea3 gi\u00e1 r\u1ea5t l\u1edbn \u0111\u1ec3 r\u00e8n luy\u1ec7n h\u00e0ng tri\u1ec7u thanh ki\u1ebfm, m\u1edbi c\u00f3 th\u1ec3 g\u1eedi c\u1eadu v\u00e0o Thi\u00ean \u0110\u00ecnh V\u1ecbnh Tr\u1eddi luy\u1ec7n t\u1eadp. L\u1ea7n n\u00e0y khi Ch\u00f4n Thi\u00ean \u0110\u1ea3o xu\u1ea5t hi\u1ec7n, H\u01b0 Kh\u00f4ng c\u00f9ng v\u1edbi c\u00e1c \u0111\u1ed3 \u0111\u1ec7 trong T\u00f2ng L\u00e2u \u0111\u00e3 l\u00ean \u0111\u1ea3o \u0111\u1ec3 c\u1ea1nh tranh b\u00e1u v\u1eadt, kh\u00e1m ph\u00e1 con \u0111\u01b0\u1eddng tr\u1edf th\u00e0nh \u0110\u1ebf v\u01b0\u01a1ng. Nh\u01b0ng ai ng\u1edd tr\u00ean h\u00f2n \u0111\u1ea3o Ch\u00f4n Thi\u00ean, hoang d\u00e3 k\u1ef3 l\u1ea1 xu\u1ea5t hi\u1ec7n, trong c\u00e1c hang \u0111\u1ed9ng v\u00f4 s\u1ed1 b\u00ed m\u1eadt k\u00edn \u0111\u00e1o, l\u1edbn nh\u1ea5t trong h\u00e0ng ng\u00e0n n\u0103m tr\u00f4i qua l\u1ea1i l\u00e0 m\u1ed9t \u00e2m m\u01b0u \u0111en t\u1ed1i","tags":null,"status":1,"image":"gia-thien-vung-cam-thumb6418.jpg","category_id":3,"thuocphim":"phimle","genre_id":2,"country_id":6,"phim_hot":1,"resolution":0,"name_eng":"Forbidden Zone","subtitle":0,"ngaytao":null,"ngaycapnhat":"2023-08-09 08:53:50","year":"2023","topview":1,"season":"0","sotap":1,"episode_count":1,"category":{"id":3,"title":"Phim l\u1ebb","description":"Phim l\u1ebb c\u1eadp nh\u1eadt h\u1eb1ng ng\u00e0y","status":1,"slug":"phim-le","position":1},"movie_genre":[{"id":2,"title":"H\u00e0nh \u0110\u1ed9ng","description":"H\u00e0nh \u0111\u1ed9ng c\u1eadp nh\u1eadt th\u01b0\u1eddng xuy\u00ean","status":1,"slug":"hanh-dong","pivot":{"movie_id":11,"genre_id":2}},{"id":17,"title":"Vi\u1ec5n T\u01b0\u1edfng","description":"Vi\u1ec5n T\u01b0\u1edfng C\u1eadp Nh\u1eadt Th\u01b0\u1eddng Xuy\u00ean","status":1,"slug":"vien-tuong","pivot":{"movie_id":11,"genre_id":17}},{"id":18,"title":"Ph\u01b0u L\u01b0u","description":"Ph\u01b0u L\u01b0u C\u1eadp Nh\u1eadt Th\u01b0\u1eddng Xuy\u00ean","status":1,"slug":"phuu-luu","pivot":{"movie_id":11,"genre_id":18}},{"id":22,"title":"Th\u1ea7n Tho\u1ea1i","description":"Th\u1ea7n Tho\u1ea1i C\u1eadp Nh\u1eadt Th\u01b0\u1eddng Xuy\u00ean","status":1,"slug":"than-thoai","pivot":{"movie_id":11,"genre_id":22}},{"id":16,"title":"V\u00f5 Thu\u1eadt","description":"V\u00f5 Thu\u1eadt C\u1eadp Nh\u1eadt Th\u01b0\u1eddng Xuy\u00ean","status":1,"slug":"vo-thuat","pivot":{"movie_id":11,"genre_id":16}}],"country":{"id":6,"title":"Trung Qu\u1ed1c","description":"Phim Trung Qu\u1ed1c","status":1,"slug":"trung-quoc"},"genre":{"id":2,"title":"H\u00e0nh \u0110\u1ed9ng","description":"H\u00e0nh \u0111\u1ed9ng c\u1eadp nh\u1eadt th\u01b0\u1eddng xuy\u00ean","status":1,"slug":"hanh-dong"}},{"id":10,"title":"DORAEMON: NOBITA V\u00c0 NH\u1eeeNG HI\u1ec6P S\u0128 KH\u00d4NG GIAN","thoiluong":"\u0110ang c\u1eadp nh\u1eadt","trailer":null,"slug":"doraemon-nobita-va-nhung-hiep-si-khong-gian","description":"Nobita mu\u1ed1n tr\u1edf th\u00e0nh m\u1ed9t anh h\u00f9ng th\u1ef1c s\u1ef1. Doraemon s\u1eed d\u1ee5ng ti\u1ec7n \u00edch c\u1ee7a m\u00ecnh, Gi\u00e1m \u0111\u1ed1c Burger \u0111\u1ec3 bi\u1ebfn h\u1ecd th\u00e0nh m\u1ed9t si\u00eau anh h\u00f9ng phim th\u1ef1c s\u1ef1. Aron \u0111\u00e3 th\u1ea5y n\u0103m s\u1ee9c m\u1ea1nh v\u00e0 kh\u1ea3 n\u0103ng v\u00e0 y\u00eau c\u1ea7u h\u1ecd gi\u00fap anh ta c\u1ee9u h\u00e0nh tinh c\u1ee7a m\u00ecnh, h\u00e0nh tinh Pokkuru. Sau h\u00e0nh tr\u00ecnh \u0111\u1ebfn h\u00e0nh tinh c\u1ee7a h\u1ecd, b\u0103ng \u0111\u1ea3ng ngh\u0129 r\u1eb1ng \u0111\u00f3 ch\u1ec9 l\u00e0 Burger \u0111ang l\u00e0m nh\u01b0ng nh\u1eadn ra r\u1eb1ng \u0111\u00f3 kh\u00f4ng ph\u1ea3i l\u00e0 m\u1ed9t b\u1ed9 phim v\u00e0 h\u1ecd th\u1ef1c s\u1ef1 \u0111ang chi\u1ebfn \u0111\u1ea5u v\u1edbi nh\u1eefng k\u1ebb x\u1ea5u.","tags":null,"status":1,"image":"doraemon-nobita-va-nhung-hiep-si-khong-gian5171.jpg","category_id":3,"thuocphim":"phimle","genre_id":2,"country_id":5,"phim_hot":1,"resolution":0,"name_eng":"Doraemon: Nobita's Space Heroes","subtitle":0,"ngaytao":null,"ngaycapnhat":"2023-08-09 08:58:30","year":"2015","topview":0,"season":null,"sotap":1,"episode_count":1,"category":{"id":3,"title":"Phim l\u1ebb","description":"Phim l\u1ebb c\u1eadp nh\u1eadt h\u1eb1ng ng\u00e0y","status":1,"slug":"phim-le","position":1},"movie_genre":[{"id":18,"title":"Ph\u01b0u L\u01b0u","description":"Ph\u01b0u L\u01b0u C\u1eadp Nh\u1eadt Th\u01b0\u1eddng Xuy\u00ean","status":1,"slug":"phuu-luu","pivot":{"movie_id":10,"genre_id":18}},{"id":4,"title":"Ho\u1ea1t H\u00ecnh","description":"Ho\u1ea1t h\u00ecnh m\u1edbi c\u1eadp nh\u1eadt h\u1eb1ng ng\u00e0y","status":1,"slug":"hoat-hinh","pivot":{"movie_id":10,"genre_id":4}},{"id":10,"title":"H\u00e0i H\u01b0\u1edbc","description":"H\u00e0i h\u01b0\u1edbc c\u1eadp nh\u1eadt h\u1eb1ng ng\u00e0y","status":1,"slug":"hai-huoc","pivot":{"movie_id":10,"genre_id":10}},{"id":11,"title":"T\u00ecnh C\u1ea3m","description":"T\u00ecnh C\u1ea3m C\u1eadp Nh\u1eadt Th\u01b0\u1eddng Xuy\u00ean","status":1,"slug":"tinh-cam","pivot":{"movie_id":10,"genre_id":11}},{"id":24,"title":"Gia \u0110\u00ecnh","description":"Gia \u0110\u00ecnh C\u1eadp Nh\u1eadt Th\u01b0\u1eddng Xuy\u00ean","status":1,"slug":"gia-dinh","pivot":{"movie_id":10,"genre_id":24}}],"country":{"id":5,"title":"Nh\u1eadt B\u1ea3n","description":"Nh\u1eadt B\u1ea3n c\u1eadp nh\u1eadt h\u1eb1ng ng\u00e0y","status":1,"slug":"nhat-ban"},"genre":{"id":2,"title":"H\u00e0nh \u0110\u1ed9ng","description":"H\u00e0nh \u0111\u1ed9ng c\u1eadp nh\u1eadt th\u01b0\u1eddng xuy\u00ean","status":1,"slug":"hanh-dong"}},{"id":9,"title":"C\u1eebu non","thoiluong":null,"trailer":null,"slug":"cuu-non","description":"ajasdasdasdasdkjjasds","tags":null,"status":1,"image":"pic_0012064.jpg","category_id":2,"thuocphim":"phimle","genre_id":1,"country_id":2,"phim_hot":1,"resolution":0,"name_eng":"slumb","subtitle":0,"ngaytao":null,"ngaycapnhat":"2023-08-06 10:47:25","year":"2019","topview":0,"season":null,"sotap":0,"episode_count":0,"category":{"id":2,"title":"Phim m\u1edbi","description":"Phim m\u1edbi c\u1eadp nh\u1eadt h\u1eb1ng ng\u00e0y","status":1,"slug":"phim-moi","position":0},"movie_genre":[{"id":1,"title":"T\u00e2m L\u00fd","description":"T\u00e2m l\u00fd c\u1eadp nh\u1eadt th\u01b0\u1eddng xuy\u00ean","status":1,"slug":"tam-ly","pivot":{"movie_id":9,"genre_id":1}},{"id":2,"title":"H\u00e0nh \u0110\u1ed9ng","description":"H\u00e0nh \u0111\u1ed9ng c\u1eadp nh\u1eadt th\u01b0\u1eddng xuy\u00ean","status":1,"slug":"hanh-dong","pivot":{"movie_id":9,"genre_id":2}},{"id":4,"title":"Ho\u1ea1t H\u00ecnh","description":"Ho\u1ea1t h\u00ecnh m\u1edbi c\u1eadp nh\u1eadt h\u1eb1ng ng\u00e0y","status":1,"slug":"hoat-hinh","pivot":{"movie_id":9,"genre_id":4}},{"id":10,"title":"H\u00e0i H\u01b0\u1edbc","description":"H\u00e0i h\u01b0\u1edbc c\u1eadp nh\u1eadt h\u1eb1ng ng\u00e0y","status":1,"slug":"hai-huoc","pivot":{"movie_id":9,"genre_id":10}}],"country":{"id":2,"title":"Vi\u1ec7t Nam","description":"Vi\u1ec7t Nam m\u1edbi c\u1eadp nh\u1eadt","status":1,"slug":"viet-nam"},"genre":{"id":1,"title":"T\u00e2m L\u00fd","description":"T\u00e2m l\u00fd c\u1eadp nh\u1eadt th\u01b0\u1eddng xuy\u00ean","status":1,"slug":"tam-ly"}},{"id":8,"title":"C\u1eebu non","thoiluong":null,"trailer":null,"slug":"cuu-non","description":"ajasdasdasdasdkjjasds","tags":null,"status":1,"image":"pic_0018311.jpg","category_id":2,"thuocphim":"phimle","genre_id":2,"country_id":2,"phim_hot":1,"resolution":0,"name_eng":"slumb","subtitle":0,"ngaytao":null,"ngaycapnhat":"2023-08-06 10:47:37","year":null,"topview":1,"season":null,"sotap":0,"episode_count":0,"category":{"id":2,"title":"Phim m\u1edbi","description":"Phim m\u1edbi c\u1eadp nh\u1eadt h\u1eb1ng ng\u00e0y","status":1,"slug":"phim-moi","position":0},"movie_genre":[{"id":1,"title":"T\u00e2m L\u00fd","description":"T\u00e2m l\u00fd c\u1eadp nh\u1eadt th\u01b0\u1eddng xuy\u00ean","status":1,"slug":"tam-ly","pivot":{"movie_id":8,"genre_id":1}},{"id":11,"title":"T\u00ecnh C\u1ea3m","description":"T\u00ecnh C\u1ea3m C\u1eadp Nh\u1eadt Th\u01b0\u1eddng Xuy\u00ean","status":1,"slug":"tinh-cam","pivot":{"movie_id":8,"genre_id":11}},{"id":21,"title":"\u00c2m Nh\u1ea1c","description":"\u00c2m Nh\u1ea1c C\u1eadp Nh\u1eadt Th\u01b0\u1eddng Xuy\u00ean","status":1,"slug":"am-nhac","pivot":{"movie_id":8,"genre_id":21}},{"id":22,"title":"Th\u1ea7n Tho\u1ea1i","description":"Th\u1ea7n Tho\u1ea1i C\u1eadp Nh\u1eadt Th\u01b0\u1eddng Xuy\u00ean","status":1,"slug":"than-thoai","pivot":{"movie_id":8,"genre_id":22}}],"country":{"id":2,"title":"Vi\u1ec7t Nam","description":"Vi\u1ec7t Nam m\u1edbi c\u1eadp nh\u1eadt","status":1,"slug":"viet-nam"},"genre":{"id":2,"title":"H\u00e0nh \u0110\u1ed9ng","description":"H\u00e0nh \u0111\u1ed9ng c\u1eadp nh\u1eadt th\u01b0\u1eddng xuy\u00ean","status":1,"slug":"hanh-dong"}},{"id":7,"title":"C\u1eebu non","thoiluong":null,"trailer":null,"slug":"cuu-non","description":"ajasdasdasdasdkjjasds","tags":null,"status":1,"image":"pic_0011043.jpg","category_id":2,"thuocphim":"phimle","genre_id":1,"country_id":2,"phim_hot":1,"resolution":0,"name_eng":"slumb","subtitle":0,"ngaytao":null,"ngaycapnhat":"2023-08-06 10:47:45","year":null,"topview":1,"season":null,"sotap":0,"episode_count":0,"category":{"id":2,"title":"Phim m\u1edbi","description":"Phim m\u1edbi c\u1eadp nh\u1eadt h\u1eb1ng ng\u00e0y","status":1,"slug":"phim-moi","position":0},"movie_genre":[{"id":1,"title":"T\u00e2m L\u00fd","description":"T\u00e2m l\u00fd c\u1eadp nh\u1eadt th\u01b0\u1eddng xuy\u00ean","status":1,"slug":"tam-ly","pivot":{"movie_id":7,"genre_id":1}},{"id":4,"title":"Ho\u1ea1t H\u00ecnh","description":"Ho\u1ea1t h\u00ecnh m\u1edbi c\u1eadp nh\u1eadt h\u1eb1ng ng\u00e0y","status":1,"slug":"hoat-hinh","pivot":{"movie_id":7,"genre_id":4}},{"id":10,"title":"H\u00e0i H\u01b0\u1edbc","description":"H\u00e0i h\u01b0\u1edbc c\u1eadp nh\u1eadt h\u1eb1ng ng\u00e0y","status":1,"slug":"hai-huoc","pivot":{"movie_id":7,"genre_id":10}},{"id":12,"title":"C\u1ed5 Trang","description":"C\u1ed5 Trang C\u1eadp Nh\u1eadt Th\u01b0\u1eddng Xuy\u00ean","status":1,"slug":"co-trang","pivot":{"movie_id":7,"genre_id":12}}],"country":{"id":2,"title":"Vi\u1ec7t Nam","description":"Vi\u1ec7t Nam m\u1edbi c\u1eadp nh\u1eadt","status":1,"slug":"viet-nam"},"genre":{"id":1,"title":"T\u00e2m L\u00fd","description":"T\u00e2m l\u00fd c\u1eadp nh\u1eadt th\u01b0\u1eddng xuy\u00ean","status":1,"slug":"tam-ly"}},{"id":6,"title":"C\u1eebu non","thoiluong":null,"trailer":null,"slug":"cuu-non","description":"ajasdasdasdasdkjjasds","tags":null,"status":1,"image":"pic_0016292.jpg","category_id":2,"thuocphim":"phimle","genre_id":2,"country_id":2,"phim_hot":1,"resolution":0,"name_eng":"slumb","subtitle":0,"ngaytao":null,"ngaycapnhat":"2023-08-06 10:47:52","year":null,"topview":0,"season":null,"sotap":0,"episode_count":0,"category":{"id":2,"title":"Phim m\u1edbi","description":"Phim m\u1edbi c\u1eadp nh\u1eadt h\u1eb1ng ng\u00e0y","status":1,"slug":"phim-moi","position":0},"movie_genre":[{"id":1,"title":"T\u00e2m L\u00fd","description":"T\u00e2m l\u00fd c\u1eadp nh\u1eadt th\u01b0\u1eddng xuy\u00ean","status":1,"slug":"tam-ly","pivot":{"movie_id":6,"genre_id":1}},{"id":24,"title":"Gia \u0110\u00ecnh","description":"Gia \u0110\u00ecnh C\u1eadp Nh\u1eadt Th\u01b0\u1eddng Xuy\u00ean","status":1,"slug":"gia-dinh","pivot":{"movie_id":6,"genre_id":24}},{"id":25,"title":"B\u00ed \u1ea8n","description":"B\u00ed \u1ea8n C\u1eadp Nh\u1eadt Th\u01b0\u1eddng Xuy\u00ean","status":1,"slug":"bi-an","pivot":{"movie_id":6,"genre_id":25}},{"id":27,"title":"H\u1ecdc \u0110\u01b0\u1eddng","description":"H\u1ecdc \u0110\u01b0\u1eddng C\u1eadp Nh\u1eadt Th\u01b0\u1eddng Xuy\u00ean","status":1,"slug":"hoc-duong","pivot":{"movie_id":6,"genre_id":27}}],"country":{"id":2,"title":"Vi\u1ec7t Nam","description":"Vi\u1ec7t Nam m\u1edbi c\u1eadp nh\u1eadt","status":1,"slug":"viet-nam"},"genre":{"id":2,"title":"H\u00e0nh \u0110\u1ed9ng","description":"H\u00e0nh \u0111\u1ed9ng c\u1eadp nh\u1eadt th\u01b0\u1eddng xuy\u00ean","status":1,"slug":"hanh-dong"}},{"id":5,"title":"Transformers 7: Qu\u00e1i Th\u00fa Tr\u1ed7i D\u1eady","thoiluong":"133 ph\u00fat","trailer":"itnqEauWQZM","slug":"transformers-7-quai-thu-troi-day","description":"Transformers 7: Qu\u00e1i Th\u00fa Tr\u1ed7i D\u1eady \u2013 Transformers: Rise of the Beasts (2023) d\u1ef1a tr\u00ean s\u1ef1 ki\u1ec7n Beast Wars trong lo\u1ea1t phim ho\u1ea1t h\u00ecnh \u201cTransformers\u201d, n\u01a1i m\u00e0 c\u00e1c robot c\u00f3 kh\u1ea3 n\u0103ng bi\u1ebfn th\u00e0nh \u0111\u1ed9ng v\u1eadt kh\u1ed5ng l\u1ed3 c\u00f9ng chi\u1ebfn \u0111\u1ea5u ch\u1ed1ng l\u1ea1i m\u1ed9t m\u1ed1i \u0111e d\u1ecda ti\u1ec1m t\u00e0ng.","tags":"phim my, tranformer","status":1,"image":"700x1000_3076.jpg","category_id":3,"thuocphim":"phimle","genre_id":2,"country_id":3,"phim_hot":1,"resolution":4,"name_eng":"tranformer","subtitle":0,"ngaytao":null,"ngaycapnhat":"2023-08-06 16:18:53","year":null,"topview":1,"season":null,"sotap":1,"episode_count":1,"category":{"id":3,"title":"Phim l\u1ebb","description":"Phim l\u1ebb c\u1eadp nh\u1eadt h\u1eb1ng ng\u00e0y","status":1,"slug":"phim-le","position":1},"movie_genre":[{"id":2,"title":"H\u00e0nh \u0110\u1ed9ng","description":"H\u00e0nh \u0111\u1ed9ng c\u1eadp nh\u1eadt th\u01b0\u1eddng xuy\u00ean","status":1,"slug":"hanh-dong","pivot":{"movie_id":5,"genre_id":2}},{"id":21,"title":"\u00c2m Nh\u1ea1c","description":"\u00c2m Nh\u1ea1c C\u1eadp Nh\u1eadt Th\u01b0\u1eddng Xuy\u00ean","status":1,"slug":"am-nhac","pivot":{"movie_id":5,"genre_id":21}},{"id":22,"title":"Th\u1ea7n Tho\u1ea1i","description":"Th\u1ea7n Tho\u1ea1i C\u1eadp Nh\u1eadt Th\u01b0\u1eddng Xuy\u00ean","status":1,"slug":"than-thoai","pivot":{"movie_id":5,"genre_id":22}},{"id":23,"title":"T\u00e0i Li\u1ec7u","description":"T\u00e0i Li\u1ec7u C\u1eadp Nh\u1eadt Th\u01b0\u1eddng Xuy\u00ean","status":1,"slug":"tai-lieu","pivot":{"movie_id":5,"genre_id":23}}],"country":{"id":3,"title":"M\u1ef9","description":"M\u1ef9 m\u1edbi c\u1eadp nh\u1eadt h\u1eb1ng ng\u00e0y","status":1,"slug":"my"},"genre":{"id":2,"title":"H\u00e0nh \u0110\u1ed9ng","description":"H\u00e0nh \u0111\u1ed9ng c\u1eadp nh\u1eadt th\u01b0\u1eddng xuy\u00ean","status":1,"slug":"hanh-dong"}},{"id":4,"title":"nguoi nhen","thoiluong":null,"trailer":null,"slug":"nguoi-nhen","description":"majfhdkdk ajaskdjasjd","tags":null,"status":1,"image":"pic_0015182.jpg","category_id":2,"thuocphim":"phimle","genre_id":1,"country_id":3,"phim_hot":1,"resolution":0,"name_eng":"spider man","subtitle":0,"ngaytao":null,"ngaycapnhat":"2023-08-06 10:47:59","year":null,"topview":2,"season":null,"sotap":0,"episode_count":0,"category":{"id":2,"title":"Phim m\u1edbi","description":"Phim m\u1edbi c\u1eadp nh\u1eadt h\u1eb1ng ng\u00e0y","status":1,"slug":"phim-moi","position":0},"movie_genre":[{"id":1,"title":"T\u00e2m L\u00fd","description":"T\u00e2m l\u00fd c\u1eadp nh\u1eadt th\u01b0\u1eddng xuy\u00ean","status":1,"slug":"tam-ly","pivot":{"movie_id":4,"genre_id":1}},{"id":2,"title":"H\u00e0nh \u0110\u1ed9ng","description":"H\u00e0nh \u0111\u1ed9ng c\u1eadp nh\u1eadt th\u01b0\u1eddng xuy\u00ean","status":1,"slug":"hanh-dong","pivot":{"movie_id":4,"genre_id":2}},{"id":10,"title":"H\u00e0i H\u01b0\u1edbc","description":"H\u00e0i h\u01b0\u1edbc c\u1eadp nh\u1eadt h\u1eb1ng ng\u00e0y","status":1,"slug":"hai-huoc","pivot":{"movie_id":4,"genre_id":10}},{"id":11,"title":"T\u00ecnh C\u1ea3m","description":"T\u00ecnh C\u1ea3m C\u1eadp Nh\u1eadt Th\u01b0\u1eddng Xuy\u00ean","status":1,"slug":"tinh-cam","pivot":{"movie_id":4,"genre_id":11}},{"id":17,"title":"Vi\u1ec5n T\u01b0\u1edfng","description":"Vi\u1ec5n T\u01b0\u1edfng C\u1eadp Nh\u1eadt Th\u01b0\u1eddng Xuy\u00ean","status":1,"slug":"vien-tuong","pivot":{"movie_id":4,"genre_id":17}}],"country":{"id":3,"title":"M\u1ef9","description":"M\u1ef9 m\u1edbi c\u1eadp nh\u1eadt h\u1eb1ng ng\u00e0y","status":1,"slug":"my"},"genre":{"id":1,"title":"T\u00e2m L\u00fd","description":"T\u00e2m l\u00fd c\u1eadp nh\u1eadt th\u01b0\u1eddng xuy\u00ean","status":1,"slug":"tam-ly"}}]